Flavor,Comparison,Effect_Size_Diff,CI_Lower,CI_Upper,P_Value
noTrajNorm_noStandardization,mt_minus_react,0.795887632771647,0.0235599998998971,1.50048722943873,0.0424
noTrajNorm_noStandardization,mad_minus_react,0.448551379773091,-0.270109611394304,1.16064322863979,0.2132
noTrajNorm_noStandardization,react_minus_com,0.0102431425009609,-0.567751096259293,0.788796015964963,0.9478
noTrajNorm_noStandardization,tot_dist_minus_react,0.499884059160637,-0.150121576917741,1.09473767404651,0.1206
noTrajNorm_noStandardization,auc_minus_react,0.26629021001382,-0.371961177027451,0.819406239692017,0.4012
noTrajNorm_noStandardization,react_minus_max_vel,0.173959821260157,-0.29507134335167,0.825057196480389,0.515
noTrajNorm_noStandardization,ra_minus_react,0.320479656887633,-0.327820727118258,0.851923605185378,0.3384
noTrajNorm_noStandardization,kb_rt_minus_react,0.778999834891942,0.0265634856924257,1.47638888970726,0.0434
noTrajNorm_noStandardization,head_angle_minus_react,0.252271317193845,-0.415234853348489,0.7419973298585,0.4624
noTrajNorm_noStandardization,iep_minus_react,0.319567039713726,-0.338387865909519,0.804384446651961,0.3424
noTrajNorm_noStandardization,traj_minus_react,0.320754871180709,-0.34043697707181,0.85088215052656,0.3574
noTrajNorm_noStandardization,react_minus_x_std,0.160299559796854,-0.34038042087655,0.900775865571801,0.5874
noTrajNorm_noStandardization,vel_minus_react,0.347767976143898,-0.329323411653047,0.847354896659491,0.3228
noTrajNorm_noStandardization,mt_minus_mad,0.347336252998557,-0.328395086303446,0.966225604346324,0.3314
noTrajNorm_noStandardization,mt_minus_com,0.806130775272608,0.445365535392509,1.31546775281754,0
noTrajNorm_noStandardization,mt_minus_tot_dist,0.29600357361101,-0.289103452634317,0.874310534307266,0.3112
noTrajNorm_noStandardization,mt_minus_auc,0.529597422757827,-0.0474625469007003,1.1318393730937,0.0704
noTrajNorm_noStandardization,mt_minus_max_vel,0.969847454031805,0.459642265187978,1.56353813993175,0
noTrajNorm_noStandardization,mt_minus_ra,0.475407975884014,0.0213376821314178,1.01123286236304,0.0388
noTrajNorm_noStandardization,mt_minus_kb_rt,0.0168877978797055,-0.60729324339524,0.670433886335083,0.9682
noTrajNorm_noStandardization,mt_minus_head_angle,0.543616315577802,0.195710021734726,1.00152642298822,0.0008
noTrajNorm_noStandardization,mt_minus_iep,0.476320593057921,0.116359958329807,0.95002358293108,0.0076
noTrajNorm_noStandardization,mt_minus_traj,0.475132761590938,0.083487256477129,0.975772833542736,0.017
noTrajNorm_noStandardization,mt_minus_x_std,0.956187192568501,0.632943083736574,1.44392747280149,0
noTrajNorm_noStandardization,mt_minus_vel,0.44811965662775,0.108181350333263,0.892662709253241,0.0084
noTrajNorm_noStandardization,mad_minus_com,0.458794522274051,0.0546509865084281,1.03760537903717,0.0238
noTrajNorm_noStandardization,tot_dist_minus_mad,0.0513326793875469,-0.362899604934567,0.359745961067999,0.7448
noTrajNorm_noStandardization,mad_minus_auc,0.182261169759271,-0.077543527562967,0.605554953330175,0.1776
noTrajNorm_noStandardization,mad_minus_max_vel,0.622511201033248,0.136843489574787,1.27384638175082,0.0112
noTrajNorm_noStandardization,mad_minus_ra,0.128071722885457,-0.136052264767902,0.581613897548344,0.3822
noTrajNorm_noStandardization,kb_rt_minus_mad,0.330448455118851,-0.444051739106567,1.06139448333673,0.3806
noTrajNorm_noStandardization,mad_minus_head_angle,0.196280062579245,-0.108533472320627,0.71684794194909,0.2486
noTrajNorm_noStandardization,mad_minus_iep,0.128984340059365,-0.149703972766498,0.620566327550762,0.425
noTrajNorm_noStandardization,mad_minus_traj,0.127796508592381,-0.128094764564495,0.589984582665162,0.379
noTrajNorm_noStandardization,mad_minus_x_std,0.608850939569945,0.118852608268222,1.31966082328027,0.0136
noTrajNorm_noStandardization,mad_minus_vel,0.100783403629193,-0.217785822069266,0.619840473199964,0.5834
noTrajNorm_noStandardization,tot_dist_minus_com,0.510127201661598,0.091840284217981,1.05981671645084,0.0164
noTrajNorm_noStandardization,auc_minus_com,0.276533352514781,-0.0986702332408587,0.747697516289344,0.1506
noTrajNorm_noStandardization,com_minus_max_vel,0.163716678759196,-0.172195757801211,0.479846825520132,0.3684
noTrajNorm_noStandardization,ra_minus_com,0.330722799388594,0.00687196871691861,0.682275205643538,0.046
noTrajNorm_noStandardization,kb_rt_minus_com,0.789242977392903,0.405536733693845,1.30392374009224,0
noTrajNorm_noStandardization,head_angle_minus_com,0.262514459694806,-0.0157086325922112,0.559172544523129,0.0634
noTrajNorm_noStandardization,iep_minus_com,0.329810182214687,0.0384671891085984,0.630299875578835,0.0272
noTrajNorm_noStandardization,traj_minus_com,0.33099801368167,0.0440579315238013,0.637429091409379,0.0244
noTrajNorm_noStandardization,com_minus_x_std,0.150056417295893,-0.15850845697213,0.490515899117882,0.353
noTrajNorm_noStandardization,vel_minus_com,0.358011118644859,0.105062590493791,0.628431840219968,0.009
noTrajNorm_noStandardization,tot_dist_minus_auc,0.233593849146818,0.0619709786745374,0.45990936690372,0.0086
noTrajNorm_noStandardization,tot_dist_minus_max_vel,0.673843880420795,0.249461213266615,1.23243300054085,0
noTrajNorm_noStandardization,tot_dist_minus_ra,0.179404402273004,-0.0573674496086191,0.511606332950701,0.1424
noTrajNorm_noStandardization,kb_rt_minus_tot_dist,0.279115775731304,-0.445394338282602,0.975328297800564,0.4024
noTrajNorm_noStandardization,tot_dist_minus_head_angle,0.247612741966792,0.00442820457995283,0.655503414565441,0.0446
noTrajNorm_noStandardization,tot_dist_minus_iep,0.180317019446911,-0.0202439297187454,0.53769408102927,0.0806
noTrajNorm_noStandardization,tot_dist_minus_traj,0.179129187979928,-0.0591290046772806,0.529915420388144,0.1356
noTrajNorm_noStandardization,tot_dist_minus_x_std,0.660183618957491,0.206168528476673,1.2958665089183,0.003
noTrajNorm_noStandardization,tot_dist_minus_vel,0.15211608301674,-0.097503049932245,0.572997664677973,0.2896
noTrajNorm_noStandardization,auc_minus_max_vel,0.440250031273977,0.0384099566089546,0.932647959708474,0.0336
noTrajNorm_noStandardization,ra_minus_auc,0.0541894468738133,-0.138442332052767,0.190008836414618,0.5186
noTrajNorm_noStandardization,kb_rt_minus_auc,0.512709624878122,-0.106447999366903,1.16021103981728,0.0964
noTrajNorm_noStandardization,auc_minus_head_angle,0.0140188928199746,-0.203997485778117,0.341260501579764,0.9286
noTrajNorm_noStandardization,iep_minus_auc,0.0532768296999061,-0.229116393246115,0.231728094688198,0.6264
noTrajNorm_noStandardization,traj_minus_auc,0.0544646611668896,-0.183021771474474,0.197506788910303,0.5706
noTrajNorm_noStandardization,auc_minus_x_std,0.426589769810674,0.0255149316681795,0.970634570356903,0.0356
noTrajNorm_noStandardization,vel_minus_auc,0.0814777661300778,-0.267211799914641,0.320078179986951,0.5712
noTrajNorm_noStandardization,ra_minus_max_vel,0.494439478147791,0.0891297267206036,0.924284845901062,0.018
noTrajNorm_noStandardization,kb_rt_minus_max_vel,0.952959656152099,0.602270922511241,1.42549658689527,0
noTrajNorm_noStandardization,head_angle_minus_max_vel,0.426231138454003,0.0511342529875308,0.791067308945204,0.0266
noTrajNorm_noStandardization,iep_minus_max_vel,0.493526860973883,0.133177644260344,0.85508529313936,0.0078
noTrajNorm_noStandardization,traj_minus_max_vel,0.494714692440867,0.110270610082884,0.893617888152971,0.0122
noTrajNorm_noStandardization,x_std_minus_max_vel,0.0136602614633033,-0.436055050748423,0.372841044434075,0.9822
noTrajNorm_noStandardization,vel_minus_max_vel,0.521727797404055,0.152747272956565,0.890307196445149,0.007
noTrajNorm_noStandardization,kb_rt_minus_ra,0.458520178004309,-0.0723713475325506,1.08425831096593,0.0932
noTrajNorm_noStandardization,ra_minus_head_angle,0.0682083396937879,-0.0995695083556602,0.255859056857989,0.4394
noTrajNorm_noStandardization,ra_minus_iep,0.000912617173907226,-0.148182124137169,0.160092794693863,0.9904
noTrajNorm_noStandardization,traj_minus_ra,0.000275214293076309,-0.0895126071865404,0.0734464721372338,0.9808
noTrajNorm_noStandardization,ra_minus_x_std,0.480779216684487,0.153392439683394,0.901889412532648,0.003
noTrajNorm_noStandardization,vel_minus_ra,0.0272883192562645,-0.172718946407483,0.218176514750591,0.797
noTrajNorm_noStandardization,kb_rt_minus_head_angle,0.526728517698096,0.063504781210851,1.10654232464411,0.0262
noTrajNorm_noStandardization,kb_rt_minus_iep,0.459432795178216,-0.0228283793824861,1.05583589042594,0.0626
noTrajNorm_noStandardization,kb_rt_minus_traj,0.458244963711232,-0.0420998607598615,1.05569541796662,0.0746
noTrajNorm_noStandardization,kb_rt_minus_x_std,0.939299394688796,0.561990996825108,1.47895133224365,0
noTrajNorm_noStandardization,kb_rt_minus_vel,0.431231858748044,-0.0160499951875875,0.995937859493389,0.0622
noTrajNorm_noStandardization,iep_minus_head_angle,0.0672957225198807,-0.00301829386751234,0.145358244801187,0.0576
noTrajNorm_noStandardization,traj_minus_head_angle,0.0684835539868642,-0.0761042836594852,0.220405000239522,0.3606
noTrajNorm_noStandardization,head_angle_minus_x_std,0.412570876990699,0.15202592109408,0.727595713569692,0.0022
noTrajNorm_noStandardization,vel_minus_head_angle,0.0954966589500524,0.038621401292066,0.162348777812317,0.0012
noTrajNorm_noStandardization,traj_minus_iep,0.00118783146698354,-0.124023985135403,0.126303294083902,0.9994
noTrajNorm_noStandardization,iep_minus_x_std,0.47986659951058,0.187286100255029,0.818365462116486,0.0014
noTrajNorm_noStandardization,vel_minus_iep,0.0282009364301717,-0.0687257176264294,0.119460213972757,0.5456
noTrajNorm_noStandardization,traj_minus_x_std,0.481054430977564,0.173175696250412,0.856738094680187,0.0012
noTrajNorm_noStandardization,vel_minus_traj,0.0270131049631882,-0.133894942825613,0.187868980577852,0.722
noTrajNorm_noStandardization,vel_minus_x_std,0.508067535940752,0.249867014457985,0.818935281047188,0
TrajNorm_noStandardization,mt_minus_react,0.874287090015129,0.181116366344825,1.38441050885417,0.011
TrajNorm_noStandardization,mad_minus_react,0.63197843812478,-0.0516457332283984,1.39219806724403,0.0718
TrajNorm_noStandardization,com_minus_react,0.167087680547765,-0.590184075422165,0.658146750413863,0.7368
TrajNorm_noStandardization,tot_dist_minus_react,0.654038527899816,0.0172194795731588,1.25751742285582,0.0436
TrajNorm_noStandardization,auc_minus_react,0.419679356252169,-0.227455231043717,0.921465807180353,0.2236
TrajNorm_noStandardization,max_vel_minus_react,NaN,NaN,NaN,0
TrajNorm_noStandardization,ra_minus_react,0.391234423928413,-0.256275016889295,0.893470777276346,0.2648
TrajNorm_noStandardization,kb_rt_minus_react,0.878642397846266,0.177608860391731,1.53266236716504,0.0078
TrajNorm_noStandardization,head_angle_minus_react,0.109845365660464,-0.585876435392157,0.545035775022752,0.839
TrajNorm_noStandardization,iep_minus_react,0.139171915281289,-0.557060380332409,0.579414703122252,0.7694
TrajNorm_noStandardization,traj_minus_react,0.0139496877720502,-0.680714367416591,0.437904000353666,0.9174
TrajNorm_noStandardization,x_std_minus_react,0.0649559199535409,-0.595034873106258,0.462857823965281,0.9276
TrajNorm_noStandardization,vel_minus_react,NaN,NaN,NaN,0
TrajNorm_noStandardization,mt_minus_mad,0.242308651890348,-0.542031719701166,0.76672474682491,0.5822
TrajNorm_noStandardization,mt_minus_com,0.707199409467364,0.390313791643136,1.10927129146261,0
TrajNorm_noStandardization,mt_minus_tot_dist,0.220248562115313,-0.406686975203116,0.712024879370414,0.4342
TrajNorm_noStandardization,mt_minus_auc,0.45460773376296,0.0129155947112053,0.893247700331387,0.0438
TrajNorm_noStandardization,max_vel_minus_mt,NaN,NaN,NaN,0
TrajNorm_noStandardization,mt_minus_ra,0.483052666086715,0.0739968910806593,0.91614169306626,0.0214
TrajNorm_noStandardization,kb_rt_minus_mt,0.00435530783113758,-0.510207955876403,0.57808634046587,0.9646
TrajNorm_noStandardization,mt_minus_head_angle,0.764441724354665,0.406147675352301,1.20726004190821,0
TrajNorm_noStandardization,mt_minus_iep,0.73511517473384,0.373617343455492,1.18073364220849,0
TrajNorm_noStandardization,mt_minus_traj,0.860337402243079,0.499544241091969,1.30450362465044,0
TrajNorm_noStandardization,mt_minus_x_std,0.809331170061588,0.479149045635841,1.23292593328828,0
TrajNorm_noStandardization,vel_minus_mt,NaN,NaN,NaN,0
TrajNorm_noStandardization,mad_minus_com,0.464890757577015,0.138113051338044,1.15295018816763,0.0044
TrajNorm_noStandardization,tot_dist_minus_mad,0.0220600897750353,-0.552323267041939,0.390149295585678,0.9622
TrajNorm_noStandardization,mad_minus_auc,0.212299081872611,-0.0470530219373426,0.803222947219515,0.103
TrajNorm_noStandardization,max_vel_minus_mad,NaN,NaN,NaN,0
TrajNorm_noStandardization,mad_minus_ra,0.240744014196367,-0.0459078412277486,0.854534806558357,0.0964
TrajNorm_noStandardization,kb_rt_minus_mad,0.246663959721486,-0.612145145629783,0.976481193870202,0.6376
TrajNorm_noStandardization,mad_minus_head_angle,0.522133072464317,0.178987411439428,1.20333826035698,0.003
TrajNorm_noStandardization,mad_minus_iep,0.492806522843492,0.154814896379906,1.1703392100613,0.0038
TrajNorm_noStandardization,mad_minus_traj,0.61802875035273,0.255511755694827,1.3139636940962,0.0012
TrajNorm_noStandardization,mad_minus_x_std,0.567022518171239,0.14149709956878,1.32112730384146,0.0088
TrajNorm_noStandardization,vel_minus_mad,NaN,NaN,NaN,0
TrajNorm_noStandardization,tot_dist_minus_com,0.486950847352051,0.144604616447626,1.02133957413907,0.0046
TrajNorm_noStandardization,auc_minus_com,0.252591675704404,0.0124818963681065,0.574962735713585,0.0384
TrajNorm_noStandardization,max_vel_minus_com,NaN,NaN,NaN,0
TrajNorm_noStandardization,ra_minus_com,0.224146743380649,-0.00721890167664402,0.513859556663663,0.0564
TrajNorm_noStandardization,kb_rt_minus_com,0.711554717298501,0.297479237309293,1.27113775217782,0.0012
TrajNorm_noStandardization,com_minus_head_angle,0.0572423148873012,-0.241297210530234,0.344459677252901,0.6932
TrajNorm_noStandardization,com_minus_iep,0.0279157652664764,-0.260503171523899,0.307094269113521,0.8336
TrajNorm_noStandardization,com_minus_traj,0.153137992775715,-0.16081176885092,0.474435482031444,0.3354
TrajNorm_noStandardization,com_minus_x_std,0.102131760594224,-0.204072305180754,0.409131042077028,0.5442
TrajNorm_noStandardization,vel_minus_com,NaN,NaN,NaN,0
TrajNorm_noStandardization,tot_dist_minus_auc,0.234359171647647,0.0540537278937925,0.526159713505518,0.0102
TrajNorm_noStandardization,max_vel_minus_tot_dist,NaN,NaN,NaN,0
TrajNorm_noStandardization,tot_dist_minus_ra,0.262804103971402,0.0594466137746999,0.588439659641215,0.0092
TrajNorm_noStandardization,kb_rt_minus_tot_dist,0.224603869946451,-0.543353499620532,0.943722104716712,0.523
TrajNorm_noStandardization,tot_dist_minus_head_angle,0.544193162239352,0.24339487992169,1.06654044444267,0
TrajNorm_noStandardization,tot_dist_minus_iep,0.514866612618527,0.224459156341939,1.02985665051854,0
TrajNorm_noStandardization,tot_dist_minus_traj,0.640088840127765,0.280466737509375,1.2155481862073,0
TrajNorm_noStandardization,tot_dist_minus_x_std,0.589082607946275,0.177231334467042,1.18817777455501,0.0048
TrajNorm_noStandardization,vel_minus_tot_dist,NaN,NaN,NaN,0
TrajNorm_noStandardization,max_vel_minus_auc,NaN,NaN,NaN,0
TrajNorm_noStandardization,auc_minus_ra,0.0284449323237553,-0.0524893474413345,0.122064732236561,0.4924
TrajNorm_noStandardization,kb_rt_minus_auc,0.458963041594098,-0.133289203125017,1.1026016034186,0.1176
TrajNorm_noStandardization,auc_minus_head_angle,0.309833990591705,0.10114685427557,0.618640364334519,0.0028
TrajNorm_noStandardization,auc_minus_iep,0.28050744097088,0.0794345943869593,0.583414296562474,0.0058
TrajNorm_noStandardization,auc_minus_traj,0.405729668480119,0.146694144075036,0.782436471963915,0.003
TrajNorm_noStandardization,auc_minus_x_std,0.354723436298628,0.040898176323758,0.766774872202134,0.0276
TrajNorm_noStandardization,vel_minus_auc,NaN,NaN,NaN,0
TrajNorm_noStandardization,ra_minus_max_vel,NaN,NaN,NaN,0
TrajNorm_noStandardization,kb_rt_minus_max_vel,NaN,NaN,NaN,0
TrajNorm_noStandardization,head_angle_minus_max_vel,NaN,NaN,NaN,0
TrajNorm_noStandardization,iep_minus_max_vel,NaN,NaN,NaN,0
TrajNorm_noStandardization,traj_minus_max_vel,NaN,NaN,NaN,0
TrajNorm_noStandardization,x_std_minus_max_vel,NaN,NaN,NaN,0
TrajNorm_noStandardization,vel_minus_max_vel,NaN,NaN,NaN,0
TrajNorm_noStandardization,kb_rt_minus_ra,0.487407973917853,-0.0750424850500147,1.12384131199669,0.0896
TrajNorm_noStandardization,ra_minus_head_angle,0.28138905826795,0.07594488813178,0.569665114243497,0.0058
TrajNorm_noStandardization,ra_minus_iep,0.252062508647125,0.0511282706980389,0.539030828515712,0.0146
TrajNorm_noStandardization,ra_minus_traj,0.377284736156363,0.116031094570979,0.742971208248322,0.0046
TrajNorm_noStandardization,ra_minus_x_std,0.326278503974873,0.0368155090645001,0.704473617125954,0.0246
TrajNorm_noStandardization,vel_minus_ra,NaN,NaN,NaN,0
TrajNorm_noStandardization,kb_rt_minus_head_angle,0.768797032185803,0.336668704729176,1.3562941400831,0.0004
TrajNorm_noStandardization,kb_rt_minus_iep,0.739470482564978,0.309308079336454,1.3275354710809,0.0006
TrajNorm_noStandardization,kb_rt_minus_traj,0.864692710074216,0.424426153604093,1.45838510856854,0
TrajNorm_noStandardization,kb_rt_minus_x_std,0.813686477892725,0.399863321043648,1.38963822979679,0
TrajNorm_noStandardization,vel_minus_kb_rt,NaN,NaN,NaN,0
TrajNorm_noStandardization,iep_minus_head_angle,0.0293265496208248,0.0047758563522512,0.0571231468883701,0.0222
TrajNorm_noStandardization,head_angle_minus_traj,0.0958956778884135,-0.0434738611928115,0.252316043529844,0.1724
TrajNorm_noStandardization,head_angle_minus_x_std,0.0448894457069228,-0.245736337676019,0.338749223349175,0.7946
TrajNorm_noStandardization,vel_minus_head_angle,NaN,NaN,NaN,0
TrajNorm_noStandardization,iep_minus_traj,0.125222227509238,-0.0155945340969395,0.287972683497214,0.0804
TrajNorm_noStandardization,iep_minus_x_std,0.0742159953277476,-0.223800843770574,0.368905452415153,0.6444
TrajNorm_noStandardization,vel_minus_iep,NaN,NaN,NaN,0
TrajNorm_noStandardization,x_std_minus_traj,0.0510062321814908,-0.250380858283273,0.357166598127625,0.7024
TrajNorm_noStandardization,vel_minus_traj,NaN,NaN,NaN,0
TrajNorm_noStandardization,vel_minus_x_std,NaN,NaN,NaN,0
TrajNorm_Standardization,mt_minus_react,0.950826117999842,0.261580476205997,1.45282077174299,0.005
TrajNorm_Standardization,mad_minus_react,0.708169540140236,-0.0498914487266988,1.55699281620576,0.0656
TrajNorm_Standardization,com_minus_react,0.160023651233761,-0.58835396885634,0.651058591174228,0.7556
TrajNorm_Standardization,tot_dist_minus_react,0.57938008496724,-0.0986637377537073,1.20140116357632,0.096
TrajNorm_Standardization,auc_minus_react,0.417785764534183,-0.233789388266724,0.940051760892521,0.2242
TrajNorm_Standardization,max_vel_minus_react,NaN,NaN,NaN,0
TrajNorm_Standardization,ra_minus_react,0.384170394614409,-0.266808797762152,0.883619104314531,0.2742
TrajNorm_Standardization,kb_rt_minus_react,0.88475687318618,0.166397769675071,1.54124554157447,0.009
TrajNorm_Standardization,head_angle_minus_react,0.10278133634646,-0.592007854406637,0.539268622778385,0.857
TrajNorm_Standardization,iep_minus_react,0.132107885967284,-0.56831846968357,0.574068941218922,0.7904
TrajNorm_Standardization,traj_minus_react,0.00688565845804606,-0.690475864192874,0.434065603493562,0.8936
TrajNorm_Standardization,x_std_minus_react,0.0578918906395368,-0.598833746961402,0.460057664381617,0.9526
TrajNorm_Standardization,vel_minus_react,NaN,NaN,NaN,0
TrajNorm_Standardization,mt_minus_mad,0.242656577859606,-0.605891054167585,0.841547240868447,0.5932
TrajNorm_Standardization,mt_minus_com,0.790802466766081,0.463473697463513,1.20945791617679,0
TrajNorm_Standardization,mt_minus_tot_dist,0.371446033032602,-0.253353482209767,0.870570259827951,0.208
TrajNorm_Standardization,mt_minus_auc,0.533040353465659,0.0746318013041911,0.99022596504129,0.0276
TrajNorm_Standardization,max_vel_minus_mt,NaN,NaN,NaN,0
TrajNorm_Standardization,mt_minus_ra,0.566655723385433,0.148483999964714,1.007869337753,0.0108
TrajNorm_Standardization,mt_minus_kb_rt,0.0660692448136622,-0.518060632539589,0.588978240644505,0.8168
TrajNorm_Standardization,mt_minus_head_angle,0.848044781653382,0.478270037756731,1.30362432798053,0
TrajNorm_Standardization,mt_minus_iep,0.818718232032558,0.449786565096869,1.27373315750005,0
TrajNorm_Standardization,mt_minus_traj,0.943940459541796,0.561535457649433,1.40720596053891,0
TrajNorm_Standardization,mt_minus_x_std,0.892934227360305,0.53783803269403,1.33753465901875,0
TrajNorm_Standardization,vel_minus_mt,NaN,NaN,NaN,0
TrajNorm_Standardization,mad_minus_com,0.548145888906475,0.185460081798164,1.22408964957757,0.001
TrajNorm_Standardization,mad_minus_tot_dist,0.128789455172996,-0.216131712353748,0.706590025330738,0.4488
TrajNorm_Standardization,mad_minus_auc,0.290383775606053,-0.000975933721637401,0.879543741590736,0.0508
TrajNorm_Standardization,max_vel_minus_mad,NaN,NaN,NaN,0
TrajNorm_Standardization,mad_minus_ra,0.323999145525827,0.00601546814587983,0.945429251231169,0.046
TrajNorm_Standardization,kb_rt_minus_mad,0.176587333045944,-0.769413143053745,0.980223408244582,0.7412
TrajNorm_Standardization,mad_minus_head_angle,0.605388203793776,0.210008475537938,1.33916391890206,0.0026
TrajNorm_Standardization,mad_minus_iep,0.576061654172952,0.188169249200126,1.305882827174,0.0032
TrajNorm_Standardization,mad_minus_traj,0.70128388168219,0.284892994028457,1.44663575076861,0.0006
TrajNorm_Standardization,mad_minus_x_std,0.650277649500699,0.171222026209254,1.48504904037993,0.0064
TrajNorm_Standardization,vel_minus_mad,NaN,NaN,NaN,0
TrajNorm_Standardization,tot_dist_minus_com,0.419356433733479,0.108544920705346,0.922328969445975,0.0066
TrajNorm_Standardization,auc_minus_com,0.257762113300422,0.0201651534694234,0.584302227238944,0.0308
TrajNorm_Standardization,max_vel_minus_com,NaN,NaN,NaN,0
TrajNorm_Standardization,ra_minus_com,0.224146743380649,-0.00721890167664391,0.513859556663663,0.0564
TrajNorm_Standardization,kb_rt_minus_com,0.724733221952419,0.301280996532306,1.28459686843063,0.001
TrajNorm_Standardization,com_minus_head_angle,0.0572423148873011,-0.241297210530234,0.344459677252901,0.6932
TrajNorm_Standardization,com_minus_iep,0.0279157652664763,-0.260503171523899,0.307094269113522,0.8336
TrajNorm_Standardization,com_minus_traj,0.153137992775715,-0.16081176885092,0.474435482031445,0.3354
TrajNorm_Standardization,com_minus_x_std,0.102131760594224,-0.204072305180754,0.409131042077028,0.5442
TrajNorm_Standardization,vel_minus_com,NaN,NaN,NaN,0
TrajNorm_Standardization,tot_dist_minus_auc,0.161594320433058,-0.0335672203594452,0.449910732748567,0.1012
TrajNorm_Standardization,max_vel_minus_tot_dist,NaN,NaN,NaN,0
TrajNorm_Standardization,tot_dist_minus_ra,0.195209690352831,-0.0117306938205188,0.513679762842537,0.065
TrajNorm_Standardization,kb_rt_minus_tot_dist,0.30537678821894,-0.463942795290645,1.03159138770341,0.3936
TrajNorm_Standardization,tot_dist_minus_head_angle,0.47659874862078,0.180685888642138,0.970675237259813,0.0026
TrajNorm_Standardization,tot_dist_minus_iep,0.447272198999956,0.160104400143441,0.9391051941927,0.0028
TrajNorm_Standardization,tot_dist_minus_traj,0.572494426509194,0.227191963741193,1.12244708480255,0
TrajNorm_Standardization,tot_dist_minus_x_std,0.521488194327703,0.114148311592373,1.10864867940288,0.0112
TrajNorm_Standardization,vel_minus_tot_dist,NaN,NaN,NaN,0
TrajNorm_Standardization,max_vel_minus_auc,NaN,NaN,NaN,0
TrajNorm_Standardization,auc_minus_ra,0.0336153699197732,-0.0389763649877539,0.12198446101218,0.3448
TrajNorm_Standardization,kb_rt_minus_auc,0.466971108651997,-0.148843790941424,1.13369889623271,0.1278
TrajNorm_Standardization,auc_minus_head_angle,0.315004428187723,0.108465420614264,0.625270980485486,0.0014
TrajNorm_Standardization,auc_minus_iep,0.285677878566898,0.0864111170531002,0.590771241748526,0.003
TrajNorm_Standardization,auc_minus_traj,0.410900106076136,0.150781441137142,0.781855931905393,0.0016
TrajNorm_Standardization,auc_minus_x_std,0.359893873894646,0.0434862137540066,0.781974421301966,0.0232
TrajNorm_Standardization,vel_minus_auc,NaN,NaN,NaN,0
TrajNorm_Standardization,ra_minus_max_vel,NaN,NaN,NaN,0
TrajNorm_Standardization,kb_rt_minus_max_vel,NaN,NaN,NaN,0
TrajNorm_Standardization,head_angle_minus_max_vel,NaN,NaN,NaN,0
TrajNorm_Standardization,iep_minus_max_vel,NaN,NaN,NaN,0
TrajNorm_Standardization,traj_minus_max_vel,NaN,NaN,NaN,0
TrajNorm_Standardization,x_std_minus_max_vel,NaN,NaN,NaN,0
TrajNorm_Standardization,vel_minus_max_vel,NaN,NaN,NaN,0
TrajNorm_Standardization,kb_rt_minus_ra,0.500586478571771,-0.0720678199047269,1.14875196577514,0.0872
TrajNorm_Standardization,ra_minus_head_angle,0.28138905826795,0.07594488813178,0.569665114243497,0.0058
TrajNorm_Standardization,ra_minus_iep,0.252062508647125,0.0511282706980389,0.539030828515712,0.0146
TrajNorm_Standardization,ra_minus_traj,0.377284736156363,0.116031094570979,0.742971208248322,0.0046
TrajNorm_Standardization,ra_minus_x_std,0.326278503974873,0.0368155090645001,0.704473617125954,0.0246
TrajNorm_Standardization,vel_minus_ra,NaN,NaN,NaN,0
TrajNorm_Standardization,kb_rt_minus_head_angle,0.78197553683972,0.341038383602768,1.38392894843746,0.0004
TrajNorm_Standardization,kb_rt_minus_iep,0.752648987218896,0.315639880219932,1.35383379133603,0.0006
TrajNorm_Standardization,kb_rt_minus_traj,0.877871214728134,0.4350393131388,1.47821301820743,0
TrajNorm_Standardization,kb_rt_minus_x_std,0.826864982546643,0.411183320903365,1.39736811912165,0
TrajNorm_Standardization,vel_minus_kb_rt,NaN,NaN,NaN,0
TrajNorm_Standardization,iep_minus_head_angle,0.0293265496208248,0.0047758563522512,0.0571231468883701,0.0222
TrajNorm_Standardization,head_angle_minus_traj,0.0958956778884135,-0.0434738611928115,0.252316043529844,0.1724
TrajNorm_Standardization,head_angle_minus_x_std,0.0448894457069228,-0.245736337676019,0.338749223349175,0.7946
TrajNorm_Standardization,vel_minus_head_angle,NaN,NaN,NaN,0
TrajNorm_Standardization,iep_minus_traj,0.125222227509238,-0.0155945340969395,0.287972683497214,0.0804
TrajNorm_Standardization,iep_minus_x_std,0.0742159953277476,-0.223800843770574,0.368905452415153,0.6444
TrajNorm_Standardization,vel_minus_iep,NaN,NaN,NaN,0
TrajNorm_Standardization,x_std_minus_traj,0.0510062321814908,-0.250380858283273,0.357166598127625,0.7024
TrajNorm_Standardization,vel_minus_traj,NaN,NaN,NaN,0
TrajNorm_Standardization,vel_minus_x_std,NaN,NaN,NaN,0
