Flavor,Comparison,Actual_dz_Diff,CI_Lower,CI_Upper,P_Value
noTrajNorm_noStandardization,mt_minus_react,0.959054883996241,0.277655451840099,1.59729272722261,0.0082
noTrajNorm_noStandardization,mad_minus_react,0.519504959723678,0.0928584248615364,1.01301702076208,0.0204
noTrajNorm_noStandardization,com_minus_react,0.152924108723633,-0.467524111969866,0.621713800023237,0.6408
noTrajNorm_noStandardization,tot_dist_minus_react,0.663051310385231,0.212790759207212,1.16333387726715,0.0058
noTrajNorm_noStandardization,auc_minus_react,0.429457461238414,-0.0187981400124478,0.886944993404317,0.0596
noTrajNorm_noStandardization,react_minus_max_vel,0.0107925700355633,-0.362945094048402,0.494022829992834,0.9216
noTrajNorm_noStandardization,ra_minus_react,0.483646908112227,-0.0124364721605371,0.921741283016089,0.055
noTrajNorm_noStandardization,kb_rt_minus_react,0.942167086116536,0.327049165022071,1.55402655316104,0.0038
noTrajNorm_noStandardization,head_angle_minus_react,0.415438568418439,-0.0972043023232448,0.80746324252976,0.1066
noTrajNorm_noStandardization,iep_minus_react,0.48273429093832,-0.00983338303848935,0.873199830297523,0.0528
noTrajNorm_noStandardization,traj_minus_react,0.483922122405304,-0.0332967600003171,0.922224148067075,0.0654
noTrajNorm_noStandardization,x_std_minus_react,0.00286769142773999,-0.608392785392469,0.402431270850546,0.9564
noTrajNorm_noStandardization,vel_minus_react,0.510935227368492,-0.0140319029459269,0.912056214163466,0.0564
noTrajNorm_noStandardization,mt_minus_mad,0.439549924272563,-0.166940119334778,1.03145995260037,0.156
noTrajNorm_noStandardization,mt_minus_com,0.806130775272608,0.448558013833576,1.29882545934508,0
noTrajNorm_noStandardization,mt_minus_tot_dist,0.29600357361101,-0.276714889118159,0.863523537798118,0.3072
noTrajNorm_noStandardization,mt_minus_auc,0.529597422757827,-0.0527528577883086,1.13546950341816,0.0726
noTrajNorm_noStandardization,mt_minus_max_vel,0.969847454031805,0.467411550705121,1.5577461495172,0
noTrajNorm_noStandardization,mt_minus_ra,0.475407975884014,0.0252632900884864,1.01019208252133,0.036
noTrajNorm_noStandardization,mt_minus_kb_rt,0.0168877978797055,-0.594816294889699,0.662220758430641,0.9708
noTrajNorm_noStandardization,mt_minus_head_angle,0.543616315577802,0.202315226340123,0.992760652784392,0.0014
noTrajNorm_noStandardization,mt_minus_iep,0.476320593057921,0.119724903300371,0.945454160851673,0.0052
noTrajNorm_noStandardization,mt_minus_traj,0.475132761590938,0.084268868121549,0.975538615358971,0.0142
noTrajNorm_noStandardization,mt_minus_x_std,0.956187192568501,0.640731225086043,1.4389312081637,0
noTrajNorm_noStandardization,mt_minus_vel,0.44811965662775,0.119144547485578,0.885624356983189,0.0072
noTrajNorm_noStandardization,mad_minus_com,0.366580851000045,-0.0523733784085558,0.887257382347551,0.0852
noTrajNorm_noStandardization,tot_dist_minus_mad,0.143546350661553,-0.0268229189859288,0.294977887976,0.09
noTrajNorm_noStandardization,mad_minus_auc,0.0900474984852644,-0.0843989359398907,0.333561807106276,0.3486
noTrajNorm_noStandardization,mad_minus_max_vel,0.530297529759242,0.123333337386338,1.09701238181444,0.009
noTrajNorm_noStandardization,mad_minus_ra,0.0358580516114511,-0.216980988173815,0.362464297317947,0.7448
noTrajNorm_noStandardization,kb_rt_minus_mad,0.422662126392857,-0.26836113267228,1.09154920306656,0.2178
noTrajNorm_noStandardization,mad_minus_head_angle,0.104066391305239,-0.15554148280527,0.493558264357923,0.4638
noTrajNorm_noStandardization,mad_minus_iep,0.0367706687853583,-0.183037509882902,0.384241020269437,0.7472
noTrajNorm_noStandardization,mad_minus_traj,0.0355828373183747,-0.210711437290602,0.364859621349642,0.7296
noTrajNorm_noStandardization,mad_minus_x_std,0.516637268295938,0.0613551626984442,1.13176594237939,0.0266
noTrajNorm_noStandardization,mad_minus_vel,0.00856973235518654,-0.257729954093005,0.413706492558733,0.9248
noTrajNorm_noStandardization,tot_dist_minus_com,0.510127201661598,0.0979798041645114,1.06046727765472,0.0172
noTrajNorm_noStandardization,auc_minus_com,0.276533352514781,-0.101376813472608,0.745324900024213,0.1496
noTrajNorm_noStandardization,com_minus_max_vel,0.163716678759196,-0.174969561836023,0.478995832504351,0.367
noTrajNorm_noStandardization,ra_minus_com,0.330722799388594,0.00810518446337818,0.691752730001507,0.046
noTrajNorm_noStandardization,kb_rt_minus_com,0.789242977392903,0.409781159453049,1.28941950474494,0
noTrajNorm_noStandardization,head_angle_minus_com,0.262514459694806,-0.0213713800240209,0.559599830449255,0.0664
noTrajNorm_noStandardization,iep_minus_com,0.329810182214687,0.039868970900292,0.629793488799031,0.028
noTrajNorm_noStandardization,traj_minus_com,0.33099801368167,0.0422978920578721,0.641455575531794,0.0256
noTrajNorm_noStandardization,com_minus_x_std,0.150056417295893,-0.148331718512992,0.498250601674299,0.3502
noTrajNorm_noStandardization,vel_minus_com,0.358011118644859,0.0979108847547532,0.632978287697502,0.0104
noTrajNorm_noStandardization,tot_dist_minus_auc,0.233593849146818,0.0610797567122531,0.462507733364575,0.0052
noTrajNorm_noStandardization,tot_dist_minus_max_vel,0.673843880420795,0.258614005310828,1.23604468617699,0.0014
noTrajNorm_noStandardization,tot_dist_minus_ra,0.179404402273004,-0.056605183756284,0.50772248977745,0.1446
noTrajNorm_noStandardization,kb_rt_minus_tot_dist,0.279115775731304,-0.439152716012037,0.962468942099314,0.4084
noTrajNorm_noStandardization,tot_dist_minus_head_angle,0.247612741966792,0.00741891117810217,0.653151193677237,0.0412
noTrajNorm_noStandardization,tot_dist_minus_iep,0.180317019446911,-0.0207863482661441,0.528399924755367,0.0866
noTrajNorm_noStandardization,tot_dist_minus_traj,0.179129187979928,-0.0550093526888074,0.525108956289437,0.14
noTrajNorm_noStandardization,tot_dist_minus_x_std,0.660183618957491,0.211443877297971,1.29328296618311,0.0068
noTrajNorm_noStandardization,tot_dist_minus_vel,0.15211608301674,-0.0955365769785186,0.567989128998371,0.2704
noTrajNorm_noStandardization,auc_minus_max_vel,0.440250031273977,0.0424007775785611,0.938407170623529,0.0282
noTrajNorm_noStandardization,ra_minus_auc,0.0541894468738133,-0.138954654878261,0.190266791931182,0.5164
noTrajNorm_noStandardization,kb_rt_minus_auc,0.512709624878122,-0.118765086597998,1.15845728008164,0.1014
noTrajNorm_noStandardization,auc_minus_head_angle,0.0140188928199746,-0.201442350938816,0.344703419754905,0.9242
noTrajNorm_noStandardization,iep_minus_auc,0.0532768296999061,-0.236479017564917,0.23146067778171,0.6238
noTrajNorm_noStandardization,traj_minus_auc,0.0544646611668896,-0.180657813520424,0.195472522251555,0.5776
noTrajNorm_noStandardization,auc_minus_x_std,0.426589769810674,0.0341579296568743,0.975385547460651,0.0366
noTrajNorm_noStandardization,vel_minus_auc,0.0814777661300778,-0.274924098189959,0.319160590247536,0.576
noTrajNorm_noStandardization,ra_minus_max_vel,0.494439478147791,0.0927593998898428,0.914124634139389,0.0176
noTrajNorm_noStandardization,kb_rt_minus_max_vel,0.952959656152099,0.605057945719957,1.43407355805161,0
noTrajNorm_noStandardization,head_angle_minus_max_vel,0.426231138454003,0.0532336397358577,0.792396834426294,0.0256
noTrajNorm_noStandardization,iep_minus_max_vel,0.493526860973883,0.13803681959885,0.857593772730721,0.0068
noTrajNorm_noStandardization,traj_minus_max_vel,0.494714692440867,0.112372171754138,0.891977626374342,0.0104
noTrajNorm_noStandardization,x_std_minus_max_vel,0.0136602614633033,-0.434749099219434,0.385249283940695,0.9972
noTrajNorm_noStandardization,vel_minus_max_vel,0.521727797404055,0.151590311810248,0.887587474081043,0.0066
noTrajNorm_noStandardization,kb_rt_minus_ra,0.458520178004309,-0.0811928980555719,1.07048281046561,0.0932
noTrajNorm_noStandardization,ra_minus_head_angle,0.0682083396937879,-0.0988184936720759,0.258857583745978,0.4196
noTrajNorm_noStandardization,ra_minus_iep,0.000912617173907226,-0.15076798775157,0.163419073263409,0.9906
noTrajNorm_noStandardization,traj_minus_ra,0.000275214293076309,-0.0876856951420339,0.074295825705391,0.9816
noTrajNorm_noStandardization,ra_minus_x_std,0.480779216684487,0.145146237304093,0.906577840832073,0.007
noTrajNorm_noStandardization,vel_minus_ra,0.0272883192562645,-0.173855589447714,0.22200566595658,0.8028
noTrajNorm_noStandardization,kb_rt_minus_head_angle,0.526728517698096,0.0579305923798852,1.1015049876515,0.0262
noTrajNorm_noStandardization,kb_rt_minus_iep,0.459432795178216,-0.025750225790162,1.04556035779864,0.0642
noTrajNorm_noStandardization,kb_rt_minus_traj,0.458244963711232,-0.0480376489018665,1.04430955914788,0.0744
noTrajNorm_noStandardization,kb_rt_minus_x_std,0.939299394688796,0.556541626847355,1.48521665211345,0
noTrajNorm_noStandardization,kb_rt_minus_vel,0.431231858748044,-0.0183371850559088,0.991043776196287,0.061
noTrajNorm_noStandardization,iep_minus_head_angle,0.0672957225198807,0.00061148125133953,0.147488993718754,0.0468
noTrajNorm_noStandardization,traj_minus_head_angle,0.0684835539868642,-0.0734936528029776,0.226527165071819,0.3478
noTrajNorm_noStandardization,head_angle_minus_x_std,0.412570876990699,0.150262074120943,0.716807175782958,0.0048
noTrajNorm_noStandardization,vel_minus_head_angle,0.0954966589500524,0.0390593323364838,0.162300279528445,0.0014
noTrajNorm_noStandardization,traj_minus_iep,0.00118783146698354,-0.126398113829809,0.129378823263965,0.993
noTrajNorm_noStandardization,iep_minus_x_std,0.47986659951058,0.186764572195946,0.817695163433959,0.0042
noTrajNorm_noStandardization,vel_minus_iep,0.0282009364301717,-0.0692932422724711,0.117402496798026,0.5588
noTrajNorm_noStandardization,traj_minus_x_std,0.481054430977564,0.174218744877152,0.865186571306754,0.0038
noTrajNorm_noStandardization,vel_minus_traj,0.0270131049631882,-0.134244292214592,0.188405468707404,0.7382
noTrajNorm_noStandardization,vel_minus_x_std,0.508067535940752,0.251401313167331,0.809125716627552,0.0006
TrajNorm_noStandardization,mt_minus_react,0.983879515705088,0.418175406360762,1.43867484852287,0.0012
TrajNorm_noStandardization,mad_minus_react,0.66863778742926,0.250927525081197,1.18096238055792,0.0026
TrajNorm_noStandardization,com_minus_react,0.276680106237724,-0.279983914910614,0.67850111045619,0.327
TrajNorm_noStandardization,tot_dist_minus_react,0.763630953589775,0.32134283222156,1.30377391763029,0.0006
TrajNorm_noStandardization,auc_minus_react,0.529271781942128,0.0750284609702748,0.979550916037543,0.0244
TrajNorm_noStandardization,max_vel_minus_react,NaN,NaN,NaN,0
TrajNorm_noStandardization,ra_minus_react,0.500826849618373,0.0335525145067345,0.94771727970818,0.0376
TrajNorm_noStandardization,kb_rt_minus_react,0.988234823536226,0.400730539131747,1.58090334576765,0.001
TrajNorm_noStandardization,head_angle_minus_react,0.219437791350423,-0.286260279929917,0.577250729082305,0.3874
TrajNorm_noStandardization,iep_minus_react,0.248764340971248,-0.256178282028486,0.607562409090341,0.3236
TrajNorm_noStandardization,traj_minus_react,0.123542113462009,-0.376746062257622,0.472899596960967,0.6642
TrajNorm_noStandardization,x_std_minus_react,0.1745483456435,-0.315641993760423,0.503690765137055,0.4738
TrajNorm_noStandardization,vel_minus_react,NaN,NaN,NaN,0
TrajNorm_noStandardization,mt_minus_mad,0.315241728275828,-0.289727553395522,0.807792625703029,0.3016
TrajNorm_noStandardization,mt_minus_com,0.707199409467364,0.401134033932645,1.09981550775826,0
TrajNorm_noStandardization,mt_minus_tot_dist,0.220248562115313,-0.398660278335632,0.704632913246783,0.443
TrajNorm_noStandardization,mt_minus_auc,0.45460773376296,0.0150561439119888,0.890492044059069,0.0434
TrajNorm_noStandardization,max_vel_minus_mt,NaN,NaN,NaN,0
TrajNorm_noStandardization,mt_minus_ra,0.483052666086715,0.0760542104882523,0.907668443175504,0.0208
TrajNorm_noStandardization,kb_rt_minus_mt,0.00435530783113758,-0.519353297249568,0.562404211903707,0.9628
TrajNorm_noStandardization,mt_minus_head_angle,0.764441724354665,0.417677041830857,1.19485834974832,0
TrajNorm_noStandardization,mt_minus_iep,0.73511517473384,0.386114303944593,1.16855028159985,0
TrajNorm_noStandardization,mt_minus_traj,0.860337402243079,0.508971069155522,1.29561326843803,0
TrajNorm_noStandardization,mt_minus_x_std,0.809331170061588,0.48803975070706,1.23308732538808,0
TrajNorm_noStandardization,vel_minus_mt,NaN,NaN,NaN,0
TrajNorm_noStandardization,mad_minus_com,0.391957681191536,0.0461077374988074,0.885412789110423,0.0258
TrajNorm_noStandardization,tot_dist_minus_mad,0.094993166160515,-0.0890549755398561,0.268063402262986,0.262
TrajNorm_noStandardization,mad_minus_auc,0.139366005487132,-0.083895377512919,0.44423135388472,0.2374
TrajNorm_noStandardization,max_vel_minus_mad,NaN,NaN,NaN,0
TrajNorm_noStandardization,mad_minus_ra,0.167810937810887,-0.0746306871241312,0.513272170626862,0.1912
TrajNorm_noStandardization,kb_rt_minus_mad,0.319597036106966,-0.405153260139363,1.01906167604065,0.3752
TrajNorm_noStandardization,mad_minus_head_angle,0.449199996078837,0.123075084916216,0.950116785472373,0.004
TrajNorm_noStandardization,mad_minus_iep,0.419873446458012,0.106767844543824,0.909187105603539,0.0058
TrajNorm_noStandardization,mad_minus_traj,0.54509567396725,0.173068598274386,1.08984592041576,0.0036
TrajNorm_noStandardization,mad_minus_x_std,0.49408944178576,0.0569190321146721,1.07327445630388,0.0258
TrajNorm_noStandardization,vel_minus_mad,NaN,NaN,NaN,0
TrajNorm_noStandardization,tot_dist_minus_com,0.486950847352051,0.144388478894804,1.0264539320751,0.0044
TrajNorm_noStandardization,auc_minus_com,0.252591675704404,0.0116929876179366,0.577291644918539,0.0388
TrajNorm_noStandardization,max_vel_minus_com,NaN,NaN,NaN,0
TrajNorm_noStandardization,ra_minus_com,0.224146743380649,-0.00947533545545443,0.518834339996899,0.0594
TrajNorm_noStandardization,kb_rt_minus_com,0.711554717298501,0.299272569128581,1.25950601421404,0.0004
TrajNorm_noStandardization,com_minus_head_angle,0.0572423148873012,-0.234677656326384,0.339547891657528,0.6914
TrajNorm_noStandardization,com_minus_iep,0.0279157652664764,-0.257083848075065,0.303601641236022,0.8478
TrajNorm_noStandardization,com_minus_traj,0.153137992775715,-0.158387581696043,0.470476369785787,0.329
TrajNorm_noStandardization,com_minus_x_std,0.102131760594224,-0.203438796374734,0.400524688172954,0.5276
TrajNorm_noStandardization,vel_minus_com,NaN,NaN,NaN,0
TrajNorm_noStandardization,tot_dist_minus_auc,0.234359171647647,0.0528236996316218,0.52501010568963,0.01
TrajNorm_noStandardization,max_vel_minus_tot_dist,NaN,NaN,NaN,0
TrajNorm_noStandardization,tot_dist_minus_ra,0.262804103971402,0.060707799113059,0.592407414358729,0.008
TrajNorm_noStandardization,kb_rt_minus_tot_dist,0.224603869946451,-0.536987067578859,0.935026157017106,0.531
TrajNorm_noStandardization,tot_dist_minus_head_angle,0.544193162239352,0.243368292982725,1.06117610411813,0.0004
TrajNorm_noStandardization,tot_dist_minus_iep,0.514866612618527,0.221724455331403,1.02617898796503,0.0002
TrajNorm_noStandardization,tot_dist_minus_traj,0.640088840127765,0.285451633670894,1.22107959699808,0.0006
TrajNorm_noStandardization,tot_dist_minus_x_std,0.589082607946275,0.175997551267117,1.18491857348181,0.0064
TrajNorm_noStandardization,vel_minus_tot_dist,NaN,NaN,NaN,0
TrajNorm_noStandardization,max_vel_minus_auc,NaN,NaN,NaN,0
TrajNorm_noStandardization,auc_minus_ra,0.0284449323237553,-0.052654075049179,0.12216071765823,0.488
TrajNorm_noStandardization,kb_rt_minus_auc,0.458963041594098,-0.128582752376702,1.09325220342704,0.1226
TrajNorm_noStandardization,auc_minus_head_angle,0.309833990591705,0.105053611901066,0.624967858801186,0.0038
TrajNorm_noStandardization,auc_minus_iep,0.28050744097088,0.0841645677570376,0.587135709232911,0.0046
TrajNorm_noStandardization,auc_minus_traj,0.405729668480119,0.14450521681503,0.792810911794297,0.0038
TrajNorm_noStandardization,auc_minus_x_std,0.354723436298628,0.0393128833105303,0.759992189753369,0.0306
TrajNorm_noStandardization,vel_minus_auc,NaN,NaN,NaN,0
TrajNorm_noStandardization,ra_minus_max_vel,NaN,NaN,NaN,0
TrajNorm_noStandardization,kb_rt_minus_max_vel,NaN,NaN,NaN,0
TrajNorm_noStandardization,head_angle_minus_max_vel,NaN,NaN,NaN,0
TrajNorm_noStandardization,iep_minus_max_vel,NaN,NaN,NaN,0
TrajNorm_noStandardization,traj_minus_max_vel,NaN,NaN,NaN,0
TrajNorm_noStandardization,x_std_minus_max_vel,NaN,NaN,NaN,0
TrajNorm_noStandardization,vel_minus_max_vel,NaN,NaN,NaN,0
TrajNorm_noStandardization,kb_rt_minus_ra,0.487407973917853,-0.0802918150445239,1.11874369626186,0.0918
TrajNorm_noStandardization,ra_minus_head_angle,0.28138905826795,0.0785370605059302,0.57245481695979,0.0068
TrajNorm_noStandardization,ra_minus_iep,0.252062508647125,0.0552693014922498,0.542307944196669,0.0114
TrajNorm_noStandardization,ra_minus_traj,0.377284736156363,0.113790828226381,0.754269024041557,0.0058
TrajNorm_noStandardization,ra_minus_x_std,0.326278503974873,0.0351603526060447,0.689815922456263,0.0274
TrajNorm_noStandardization,vel_minus_ra,NaN,NaN,NaN,0
TrajNorm_noStandardization,kb_rt_minus_head_angle,0.768797032185803,0.335891502260521,1.35292021624427,0.0002
TrajNorm_noStandardization,kb_rt_minus_iep,0.739470482564978,0.310312706117495,1.32221814843041,0.0004
TrajNorm_noStandardization,kb_rt_minus_traj,0.864692710074216,0.431748758974151,1.45543954083709,0
TrajNorm_noStandardization,kb_rt_minus_x_std,0.813686477892725,0.391237684632771,1.37947851583349,0
TrajNorm_noStandardization,vel_minus_kb_rt,NaN,NaN,NaN,0
TrajNorm_noStandardization,iep_minus_head_angle,0.0293265496208248,0.00462377135250418,0.0575281632511237,0.022
TrajNorm_noStandardization,head_angle_minus_traj,0.0958956778884135,-0.0426935827155347,0.251817941538191,0.1604
TrajNorm_noStandardization,head_angle_minus_x_std,0.0448894457069228,-0.244354738593044,0.333775265418324,0.7902
TrajNorm_noStandardization,vel_minus_head_angle,NaN,NaN,NaN,0
TrajNorm_noStandardization,iep_minus_traj,0.125222227509238,-0.0151763068981752,0.288756585251071,0.0788
TrajNorm_noStandardization,iep_minus_x_std,0.0742159953277476,-0.217554413898577,0.368539870629686,0.6362
TrajNorm_noStandardization,vel_minus_iep,NaN,NaN,NaN,0
TrajNorm_noStandardization,x_std_minus_traj,0.0510062321814908,-0.244402068069721,0.353869042354441,0.7038
TrajNorm_noStandardization,vel_minus_traj,NaN,NaN,NaN,0
TrajNorm_noStandardization,vel_minus_x_std,NaN,NaN,NaN,0
TrajNorm_Standardization,mt_minus_react,0.989792606467843,0.444578901836,1.49344371392816,0.0002
TrajNorm_Standardization,mad_minus_react,0.602750197802884,0.171162095974842,1.19276541668923,0.0068
TrajNorm_Standardization,com_minus_react,0.198990139701761,-0.344669001285774,0.657358166940773,0.468
TrajNorm_Standardization,tot_dist_minus_react,0.618346573435241,0.170013088319717,1.20385376751441,0.0088
TrajNorm_Standardization,auc_minus_react,0.456752253002183,0.0158201024458166,0.956204890343635,0.0434
TrajNorm_Standardization,max_vel_minus_react,NaN,NaN,NaN,0
TrajNorm_Standardization,ra_minus_react,0.42313688308241,-0.0269905899629145,0.902309628959371,0.0642
TrajNorm_Standardization,kb_rt_minus_react,0.923723361654181,0.352006642674215,1.56150917934734,0.0018
TrajNorm_Standardization,head_angle_minus_react,0.14174782481446,-0.343877775438656,0.545225562051366,0.5636
TrajNorm_Standardization,iep_minus_react,0.171074374435285,-0.314877524396013,0.575287643890227,0.4802
TrajNorm_Standardization,traj_minus_react,0.0458521469260468,-0.437167362179002,0.436342521884847,0.8706
TrajNorm_Standardization,x_std_minus_react,0.0968583791075376,-0.371656329062547,0.478465422854877,0.6818
TrajNorm_Standardization,vel_minus_react,NaN,NaN,NaN,0
TrajNorm_Standardization,mt_minus_mad,0.387042408664959,-0.249171025656623,0.894427587234865,0.217
TrajNorm_Standardization,mt_minus_com,0.790802466766081,0.468914866725474,1.20786216513741,0
TrajNorm_Standardization,mt_minus_tot_dist,0.371446033032602,-0.226800554095027,0.859709478828279,0.2032
TrajNorm_Standardization,mt_minus_auc,0.533040353465659,0.0668888367415493,0.991678763040325,0.0252
TrajNorm_Standardization,max_vel_minus_mt,NaN,NaN,NaN,0
TrajNorm_Standardization,mt_minus_ra,0.566655723385433,0.14744628298681,1.00919565447912,0.0112
TrajNorm_Standardization,mt_minus_kb_rt,0.0660692448136622,-0.498909167226143,0.589077726458511,0.8156
TrajNorm_Standardization,mt_minus_head_angle,0.848044781653382,0.486056281108394,1.30041466706125,0
TrajNorm_Standardization,mt_minus_iep,0.818718232032558,0.455460195205277,1.27218446008333,0
TrajNorm_Standardization,mt_minus_traj,0.943940459541796,0.569725603617548,1.40734649376482,0
TrajNorm_Standardization,mt_minus_x_std,0.892934227360305,0.548685526523287,1.34013616947914,0
TrajNorm_Standardization,vel_minus_mt,NaN,NaN,NaN,0
TrajNorm_Standardization,mad_minus_com,0.403760058101122,0.0850513998352611,0.897652993653371,0.0136
TrajNorm_Standardization,tot_dist_minus_mad,0.0155963756323569,-0.194582485899364,0.170252031512336,0.8646
TrajNorm_Standardization,mad_minus_auc,0.145997944800701,-0.0727209651360525,0.479090893349294,0.2194
TrajNorm_Standardization,max_vel_minus_mad,NaN,NaN,NaN,0
TrajNorm_Standardization,mad_minus_ra,0.179613314720474,-0.0542909110084251,0.545642971236582,0.1484
TrajNorm_Standardization,kb_rt_minus_mad,0.320973163851297,-0.451237764240905,1.0237108576594,0.3948
TrajNorm_Standardization,mad_minus_head_angle,0.461002372988424,0.139091148787064,0.9778517200898,0.0028
TrajNorm_Standardization,mad_minus_iep,0.431675823367599,0.121967878926383,0.937903571536976,0.004
TrajNorm_Standardization,mad_minus_traj,0.556898050876837,0.193202384330183,1.11803506390657,0.0026
TrajNorm_Standardization,mad_minus_x_std,0.505891818695346,0.0702794465920398,1.10931184515667,0.022
TrajNorm_Standardization,vel_minus_mad,NaN,NaN,NaN,0
TrajNorm_Standardization,tot_dist_minus_com,0.419356433733479,0.10948236792202,0.913208837259655,0.0076
TrajNorm_Standardization,auc_minus_com,0.257762113300422,0.0214926810634406,0.583664371842531,0.0328
TrajNorm_Standardization,max_vel_minus_com,NaN,NaN,NaN,0
TrajNorm_Standardization,ra_minus_com,0.224146743380649,-0.00947533545545462,0.518834339996899,0.0594
TrajNorm_Standardization,kb_rt_minus_com,0.724733221952419,0.306259056231859,1.27109203719466,0.0006
TrajNorm_Standardization,com_minus_head_angle,0.0572423148873011,-0.234677656326384,0.339547891657528,0.6914
TrajNorm_Standardization,com_minus_iep,0.0279157652664763,-0.257083848075064,0.303601641236021,0.8478
TrajNorm_Standardization,com_minus_traj,0.153137992775715,-0.158387581696043,0.470476369785787,0.329
TrajNorm_Standardization,com_minus_x_std,0.102131760594224,-0.203438796374733,0.400524688172955,0.5276
TrajNorm_Standardization,vel_minus_com,NaN,NaN,NaN,0
TrajNorm_Standardization,tot_dist_minus_auc,0.161594320433058,-0.0337616436080246,0.440150060517103,0.1056
TrajNorm_Standardization,max_vel_minus_tot_dist,NaN,NaN,NaN,0
TrajNorm_Standardization,tot_dist_minus_ra,0.195209690352831,-0.0191447680450101,0.499755638799025,0.0704
TrajNorm_Standardization,kb_rt_minus_tot_dist,0.30537678821894,-0.441997524202684,1.01674371433166,0.4066
TrajNorm_Standardization,tot_dist_minus_head_angle,0.47659874862078,0.175465185678869,0.961461216275243,0.0018
TrajNorm_Standardization,tot_dist_minus_iep,0.447272198999956,0.15614590760038,0.928708057470493,0.0018
TrajNorm_Standardization,tot_dist_minus_traj,0.572494426509194,0.222818803507902,1.12697410663879,0.0016
TrajNorm_Standardization,tot_dist_minus_x_std,0.521488194327703,0.118721934391377,1.09581786463463,0.011
TrajNorm_Standardization,vel_minus_tot_dist,NaN,NaN,NaN,0
TrajNorm_Standardization,max_vel_minus_auc,NaN,NaN,NaN,0
TrajNorm_Standardization,auc_minus_ra,0.0336153699197732,-0.0384759291800738,0.123014466681022,0.3642
TrajNorm_Standardization,kb_rt_minus_auc,0.466971108651997,-0.142799228294495,1.12095274919183,0.1318
TrajNorm_Standardization,auc_minus_head_angle,0.315004428187723,0.109421630896996,0.624025415486711,0.0032
TrajNorm_Standardization,auc_minus_iep,0.285677878566898,0.0877210404300775,0.588580374695321,0.0046
TrajNorm_Standardization,auc_minus_traj,0.410900106076136,0.147630659704009,0.799118787684436,0.003
TrajNorm_Standardization,auc_minus_x_std,0.359893873894646,0.0437295944939111,0.780421109329142,0.0258
TrajNorm_Standardization,vel_minus_auc,NaN,NaN,NaN,0
TrajNorm_Standardization,ra_minus_max_vel,NaN,NaN,NaN,0
TrajNorm_Standardization,kb_rt_minus_max_vel,NaN,NaN,NaN,0
TrajNorm_Standardization,head_angle_minus_max_vel,NaN,NaN,NaN,0
TrajNorm_Standardization,iep_minus_max_vel,NaN,NaN,NaN,0
TrajNorm_Standardization,traj_minus_max_vel,NaN,NaN,NaN,0
TrajNorm_Standardization,x_std_minus_max_vel,NaN,NaN,NaN,0
TrajNorm_Standardization,vel_minus_max_vel,NaN,NaN,NaN,0
TrajNorm_Standardization,kb_rt_minus_ra,0.500586478571771,-0.076412504680005,1.13511570188668,0.0906
TrajNorm_Standardization,ra_minus_head_angle,0.28138905826795,0.0785370605059302,0.57245481695979,0.0068
TrajNorm_Standardization,ra_minus_iep,0.252062508647125,0.0552693014922498,0.542307944196669,0.0114
TrajNorm_Standardization,ra_minus_traj,0.377284736156363,0.113790828226381,0.754269024041557,0.0058
TrajNorm_Standardization,ra_minus_x_std,0.326278503974873,0.0351603526060447,0.689815922456263,0.0274
TrajNorm_Standardization,vel_minus_ra,NaN,NaN,NaN,0
TrajNorm_Standardization,kb_rt_minus_head_angle,0.78197553683972,0.339496144801385,1.37527670776753,0.0002
TrajNorm_Standardization,kb_rt_minus_iep,0.752648987218896,0.31341307940239,1.33862325708055,0.0004
TrajNorm_Standardization,kb_rt_minus_traj,0.877871214728134,0.436913579165469,1.46121094960503,0
TrajNorm_Standardization,kb_rt_minus_x_std,0.826864982546643,0.401651026878807,1.39022514812043,0
TrajNorm_Standardization,vel_minus_kb_rt,NaN,NaN,NaN,0
TrajNorm_Standardization,iep_minus_head_angle,0.0293265496208248,0.00462377135250418,0.0575281632511237,0.022
TrajNorm_Standardization,head_angle_minus_traj,0.0958956778884135,-0.0426935827155347,0.251817941538191,0.1604
TrajNorm_Standardization,head_angle_minus_x_std,0.0448894457069228,-0.244354738593044,0.333775265418324,0.7902
TrajNorm_Standardization,vel_minus_head_angle,NaN,NaN,NaN,0
TrajNorm_Standardization,iep_minus_traj,0.125222227509238,-0.0151763068981752,0.288756585251071,0.0788
TrajNorm_Standardization,iep_minus_x_std,0.0742159953277476,-0.217554413898577,0.368539870629686,0.6362
TrajNorm_Standardization,vel_minus_iep,NaN,NaN,NaN,0
TrajNorm_Standardization,x_std_minus_traj,0.0510062321814908,-0.244402068069721,0.353869042354441,0.7038
TrajNorm_Standardization,vel_minus_traj,NaN,NaN,NaN,0
TrajNorm_Standardization,vel_minus_x_std,NaN,NaN,NaN,0
